title,artist
I Had Some Help (feat. Morgan Wallen),Post Malone
A Bar Song (Tipsy),Shaboozey
Lose Control,Teddy Swims
Not Like Us,Kendrick Lamar
Too Sweet,Hozier
MILLION DOLLAR BABY,Tommy Richman
Stargazing,Myles Smith
Beautiful Things,Benson Boone
HIND'S HALL,Macklemore
I Had Some Help (feat. Morgan Wallen),Post Malone
Miles On It,Marshmello & Kane Brown
Lose My Breath (Stray Kids Ver.),Stray Kids
Technicolor Honeymoon,Maisy Kay
Fortnight (feat. Post Malone),Taylor Swift
A Bar Song (Tipsy),Shaboozey
Feel Like Hell Today,Cooper Alan
Espresso,Sabrina Carpenter
Ronald,"Falling In Reverse, Tech N9ne & Alex Terrible"
euphoria,Kendrick Lamar
I Can Do It With a Broken Heart,Taylor Swift
Lose My Breath (Soft Garage Ver.),Stray Kids & Charlie Puth
Live Like You Were Dying,Tim McGraw
Beautiful As You,Thomas Rhett
Save Me (with Lainey Wilson),Jelly Roll
Austin,Dasha
Who’s Afraid of Little Old Me?,Taylor Swift
The Door,Teddy Swims
Come back to me,RM
Hang Tight Honey,Lainey Wilson
White Horse,Chris Stapleton
Like That,"Future, Metro Boomin & Kendrick Lamar"
Lil Boo Thang,Paul Russell
Cowgirls (feat. ERNEST),Morgan Wallen
Lose My Breath,Stray Kids & Charlie Puth
meet the grahams,Kendrick Lamar
Hurricane,Eden Golan
BOA,Megan Thee Stallion
Where the Wild Things Are,Luke Combs
Halfway To Hell,Jelly Roll
Nobody's Business,Melody Shari
i like the way you kiss me,Artemas
Where That Came From,Randy Travis
Last Night,Morgan Wallen
Need a Favor,Jelly Roll
Here Comes the Hotstepper (Heartical Mix),Ini Kamoze
Illusion,Dua Lipa
Fearless,Jackson Dean
Dirt Cheap,Cody Johnson
Stick Season,Noah Kahan
Cruel Summer,Taylor Swift
Slow It Down,Benson Boone
Throwing Stacks,Ray J & Sukihana
Beautiful Things,Benson Boone
So High School,Taylor Swift
Wildflowers and Wild Horses (Single Version),Lainey Wilson
Unwritten,Natasha Bedingfield
I Remember Everything (feat. Kacey Musgraves),Zach Bryan
Bulletproof,Nate Smith
Supernova,aespa
Flowers,Miley Cyrus
GOOD DAY,Forrest Frank
TEXAS HOLD 'EM,Beyoncé
Training Season,Dua Lipa
we can't be friends (wait for your love),Ariana Grande
Mom (feat. Kelli Trainor),Meghan Trainor
Fast Car,Luke Combs
Wanna Be,GloRilla & Megan Thee Stallion
Save Me,Jelly Roll
The Sound of Silence (CYRIL Remix),Disturbed
Down Bad,Taylor Swift
KICK BACK,Kenshi Yonezu
Scratching the Surface (Mama's Song),Kylie Morgan
Lovin On Me,Jack Harlow
"Praise (feat. Brandon Lake, Chris Brown & Chandler Moore)",Elevation Worship
TRUCK BED,HARDY
Hard to Love,Lee Brice
Come back to me (Radio Edit),RM
A Country Boy Can Survive,"Hank Williams, Jr."
Austin,Dasha
Belong Together,Mark Ambor
Tennessee Whiskey,Chris Stapleton
Thinkin’ Bout Me,Morgan Wallen
Counting My Blessings (Collab Version),Seph Schlueter & Matt Maher
Family Matters,Drake
Young Man,Jamestown Revival
Mamas,Anne Wilson & Hillary Scott
II MOST WANTED,Beyoncé & Miley Cyrus
A Song for Mama,Boyz II Men
End of Beginning,Djo
Take It All Back,"Tauren Wells, We The Kingdom & Davies"
Cab In A Solo,Scotty McCreery
Unsung Hero (Single Edit),for KING & COUNTRY
Unstoppable,Sia
A Symptom Of Being Human,Shinedown
Wondering Why,The Red Clay Strays
Wine Into Whiskey,Tucker Wetmore
Come back to me,RM
Let Your Boys Be Country,Jason Aldean
But Daddy I Love Him,Taylor Swift
Zodiaco (feat. La Exce),"Custom, Luar La L & Almighty"
